{"valid":1,"periodicna":[{"dan":5,"semestar":"zimski","pocetak":"09:00","kraj":"10:00","naziv":"MA","predavac":"nastavnik1"},{"dan":0,"semestar":"zimski","pocetak":"10:00","kraj":"12:00","naziv":"MA","predavac":"nastavnik1"},{"dan":5,"semestar":"ljetni","pocetak":"12:00","kraj":"14:00","naziv":"1-02","predavac":"nastavnik2"},{"dan":3,"semestar":"ljetni","pocetak":"12:00","kraj":"14:00","naziv":"VA1","predavac":"nastavnik2"},{"dan":2,"semestar":"zimski","pocetak":"10:00","kraj":"15:00","naziv":"MA","predavac":"predavac"}],"vanredna":[{"datum":"1.12.2019","pocetak":"10:10","kraj":"12:00","naziv":"MA","predavac":"nastavnik3"},{"datum":"31.11.2019","pocetak":"12:00","kraj":"16:00","naziv":"MA","predavac":"nastavnik3"},{"datum":"5.12.2019","pocetak":"10:00","kraj":"15:00","naziv":"MA","predavac":"predavac"},{"datum":"14.12.2019","pocetak":"10:00","kraj":"15:00","naziv":"MA","predavac":"predavac"},{"datum":"6.12.2019","pocetak":"10:00","kraj":"15:00","naziv":"MA","predavac":"predavac"}]}