{
  "testId" : "1-rezervacija.gspec",
  "name" : "rezervacija.gspec",
  "report" : {
    "nodes" : [ {
      "name" : "Simple check",
      "status" : "info",
      "nodes" : [ {
        "name" : "check  rezervacija.gspec --url http://localhost/rezervacija.html --size 1024x768 --htmlreport izvjestaji",
        "status" : "info",
        "nodes" : [ {
          "name" : "Check layout: rezervacija.gspec included tags: ",
          "status" : "info",
          "time" : 1573665335634,
          "sections" : [ {
            "name" : "Meni section",
            "place" : {
              "filePath" : "rezervacija.gspec",
              "lineNumber" : 21
            },
            "objects" : [ {
              "name" : "meni",
              "specs" : [ {
                "status" : "info",
                "place" : {
                  "filePath" : "rezervacija.gspec",
                  "lineNumber" : 23
                },
                "name" : "css background-color is \"rgb(173, 216, 230)\"",
                "highlight" : [ "meni" ]
              } ]
            }, {
              "name" : "logo",
              "specs" : [ {
                "status" : "info",
                "place" : {
                  "filePath" : "rezervacija.gspec",
                  "lineNumber" : 25
                },
                "name" : "height 72px",
                "meta" : [ {
                  "from" : {
                    "object" : "logo",
                    "edge" : "top"
                  },
                  "to" : {
                    "object" : "logo",
                    "edge" : "bottom"
                  },
                  "expectedDistance" : "72px",
                  "realDistance" : "72px"
                } ],
                "highlight" : [ "logo" ]
              }, {
                "status" : "info",
                "place" : {
                  "filePath" : "rezervacija.gspec",
                  "lineNumber" : 26
                },
                "name" : "above meni -36px",
                "meta" : [ {
                  "from" : {
                    "object" : "logo",
                    "edge" : "bottom"
                  },
                  "to" : {
                    "object" : "meni",
                    "edge" : "top"
                  },
                  "expectedDistance" : "-36px",
                  "realDistance" : "-36px"
                } ],
                "highlight" : [ "logo", "meni" ]
              } ]
            }, {
              "name" : "slikica",
              "specs" : [ {
                "status" : "info",
                "place" : {
                  "filePath" : "rezervacija.gspec",
                  "lineNumber" : 28
                },
                "name" : "inside logo",
                "meta" : [ ],
                "highlight" : [ "slikica", "logo" ]
              }, {
                "status" : "info",
                "place" : {
                  "filePath" : "rezervacija.gspec",
                  "lineNumber" : 29
                },
                "name" : "centered horizontally inside logo",
                "highlight" : [ "slikica", "logo" ]
              }, {
                "status" : "info",
                "place" : {
                  "filePath" : "rezervacija.gspec",
                  "lineNumber" : 30
                },
                "name" : "height 72px",
                "meta" : [ {
                  "from" : {
                    "object" : "slikica",
                    "edge" : "top"
                  },
                  "to" : {
                    "object" : "slikica",
                    "edge" : "bottom"
                  },
                  "expectedDistance" : "72px",
                  "realDistance" : "72px"
                } ],
                "highlight" : [ "slikica" ]
              }, {
                "status" : "info",
                "place" : {
                  "filePath" : "rezervacija.gspec",
                  "lineNumber" : 31
                },
                "name" : "width 72px",
                "meta" : [ {
                  "from" : {
                    "object" : "slikica",
                    "edge" : "left"
                  },
                  "to" : {
                    "object" : "slikica",
                    "edge" : "right"
                  },
                  "expectedDistance" : "72px",
                  "realDistance" : "72px"
                } ],
                "highlight" : [ "slikica" ]
              } ]
            }, {
              "name" : "ul",
              "specs" : [ {
                "status" : "info",
                "place" : {
                  "filePath" : "rezervacija.gspec",
                  "lineNumber" : 33
                },
                "name" : "centered horizontally inside meni",
                "highlight" : [ "ul", "meni" ]
              } ]
            }, {
              "name" : "li",
              "specs" : [ {
                "status" : "info",
                "place" : {
                  "filePath" : "rezervacija.gspec",
                  "lineNumber" : 35
                },
                "name" : "css display is \"inline\"",
                "highlight" : [ "li" ]
              }, {
                "status" : "info",
                "place" : {
                  "filePath" : "rezervacija.gspec",
                  "lineNumber" : 36
                },
                "name" : "css font-family is \"Verdana, Geneva, Tahoma, sans-serif\"",
                "highlight" : [ "li" ]
              } ]
            }, {
              "name" : "a",
              "specs" : [ {
                "status" : "info",
                "place" : {
                  "filePath" : "rezervacija.gspec",
                  "lineNumber" : 38
                },
                "name" : "css color is \"rgb(0, 0, 0)\"",
                "highlight" : [ "a" ]
              } ]
            } ]
          }, {
            "name" : "Main section",
            "place" : {
              "filePath" : "rezervacija.gspec",
              "lineNumber" : 39
            },
            "objects" : [ {
              "name" : "sadrzaj",
              "specs" : [ {
                "status" : "info",
                "place" : {
                  "filePath" : "rezervacija.gspec",
                  "lineNumber" : 41
                },
                "name" : "css background-color is \"rgb(173, 216, 230)\"",
                "highlight" : [ "sadrzaj" ]
              }, {
                "status" : "info",
                "place" : {
                  "filePath" : "rezervacija.gspec",
                  "lineNumber" : 42
                },
                "name" : "below meni",
                "meta" : [ {
                  "from" : {
                    "object" : "sadrzaj",
                    "edge" : "top"
                  },
                  "to" : {
                    "object" : "meni",
                    "edge" : "bottom"
                  },
                  "expectedDistance" : ">= 0px",
                  "realDistance" : "16px"
                } ],
                "highlight" : [ "sadrzaj", "meni" ]
              } ]
            }, {
              "name" : "slobodna",
              "specs" : [ {
                "status" : "info",
                "place" : {
                  "filePath" : "rezervacija.gspec",
                  "lineNumber" : 44
                },
                "name" : "css background-color is \"rgb(0, 128, 0)\"",
                "highlight" : [ "slobodna" ]
              }, {
                "status" : "info",
                "place" : {
                  "filePath" : "rezervacija.gspec",
                  "lineNumber" : 45
                },
                "name" : "height 14px",
                "meta" : [ {
                  "from" : {
                    "object" : "slobodna",
                    "edge" : "top"
                  },
                  "to" : {
                    "object" : "slobodna",
                    "edge" : "bottom"
                  },
                  "expectedDistance" : "14px",
                  "realDistance" : "14px"
                } ],
                "highlight" : [ "slobodna" ]
              } ]
            }, {
              "name" : "zauzeta",
              "specs" : [ {
                "status" : "info",
                "place" : {
                  "filePath" : "rezervacija.gspec",
                  "lineNumber" : 47
                },
                "name" : "css background-color is \"rgb(255, 0, 0)\"",
                "highlight" : [ "zauzeta" ]
              }, {
                "status" : "info",
                "place" : {
                  "filePath" : "rezervacija.gspec",
                  "lineNumber" : 48
                },
                "name" : "height 14px",
                "meta" : [ {
                  "from" : {
                    "object" : "zauzeta",
                    "edge" : "top"
                  },
                  "to" : {
                    "object" : "zauzeta",
                    "edge" : "bottom"
                  },
                  "expectedDistance" : "14px",
                  "realDistance" : "14px"
                } ],
                "highlight" : [ "zauzeta" ]
              } ]
            }, {
              "name" : "velika",
              "specs" : [ {
                "status" : "info",
                "place" : {
                  "filePath" : "rezervacija.gspec",
                  "lineNumber" : 50
                },
                "name" : "css background-color is \"rgb(100, 149, 237)\"",
                "highlight" : [ "velika" ]
              }, {
                "status" : "info",
                "place" : {
                  "filePath" : "rezervacija.gspec",
                  "lineNumber" : 51
                },
                "name" : "inside sadrzaj",
                "meta" : [ ],
                "highlight" : [ "velika", "sadrzaj" ]
              } ]
            }, {
              "name" : "sirina",
              "specs" : [ {
                "status" : "info",
                "place" : {
                  "filePath" : "rezervacija.gspec",
                  "lineNumber" : 53
                },
                "name" : "css display is \"inline-block\"",
                "highlight" : [ "sirina" ]
              }, {
                "status" : "info",
                "place" : {
                  "filePath" : "rezervacija.gspec",
                  "lineNumber" : 54
                },
                "name" : "css font-family is \"Verdana, Geneva, Tahoma, sans-serif\"",
                "highlight" : [ "sirina" ]
              }, {
                "status" : "info",
                "place" : {
                  "filePath" : "rezervacija.gspec",
                  "lineNumber" : 55
                },
                "name" : "width 100px",
                "meta" : [ {
                  "from" : {
                    "object" : "sirina",
                    "edge" : "left"
                  },
                  "to" : {
                    "object" : "sirina",
                    "edge" : "right"
                  },
                  "expectedDistance" : "100px",
                  "realDistance" : "100px"
                } ],
                "highlight" : [ "sirina" ]
              } ]
            }, {
              "name" : "select",
              "specs" : [ {
                "status" : "info",
                "place" : {
                  "filePath" : "rezervacija.gspec",
                  "lineNumber" : 57
                },
                "name" : "width 105px",
                "meta" : [ {
                  "from" : {
                    "object" : "select",
                    "edge" : "left"
                  },
                  "to" : {
                    "object" : "select",
                    "edge" : "right"
                  },
                  "expectedDistance" : "105px",
                  "realDistance" : "105px"
                } ],
                "highlight" : [ "select" ]
              } ]
            }, {
              "name" : "label",
              "specs" : [ {
                "status" : "info",
                "place" : {
                  "filePath" : "rezervacija.gspec",
                  "lineNumber" : 59
                },
                "name" : "css display is \"inline-block\"",
                "highlight" : [ "label" ]
              }, {
                "status" : "info",
                "place" : {
                  "filePath" : "rezervacija.gspec",
                  "lineNumber" : 60
                },
                "name" : "css font-family is \"Verdana, Geneva, Tahoma, sans-serif\"",
                "highlight" : [ "label" ]
              }, {
                "status" : "info",
                "place" : {
                  "filePath" : "rezervacija.gspec",
                  "lineNumber" : 61
                },
                "name" : "width 100px",
                "meta" : [ {
                  "from" : {
                    "object" : "label",
                    "edge" : "left"
                  },
                  "to" : {
                    "object" : "label",
                    "edge" : "right"
                  },
                  "expectedDistance" : "100px",
                  "realDistance" : "100px"
                } ],
                "highlight" : [ "label" ]
              } ]
            }, {
              "name" : "vrijeme",
              "specs" : [ {
                "status" : "info",
                "place" : {
                  "filePath" : "rezervacija.gspec",
                  "lineNumber" : 63
                },
                "name" : "width 105px",
                "meta" : [ {
                  "from" : {
                    "object" : "vrijeme",
                    "edge" : "left"
                  },
                  "to" : {
                    "object" : "vrijeme",
                    "edge" : "right"
                  },
                  "expectedDistance" : "105px",
                  "realDistance" : "105px"
                } ],
                "highlight" : [ "vrijeme" ]
              } ]
            }, {
              "name" : "th",
              "specs" : [ {
                "status" : "info",
                "place" : {
                  "filePath" : "rezervacija.gspec",
                  "lineNumber" : 65
                },
                "name" : "css font-family is \"Verdana, Geneva, Tahoma, sans-serif\"",
                "highlight" : [ "th" ]
              }, {
                "status" : "info",
                "place" : {
                  "filePath" : "rezervacija.gspec",
                  "lineNumber" : 66
                },
                "name" : "css text-align is \"left\"",
                "highlight" : [ "th" ]
              } ]
            }, {
              "name" : "gornja",
              "specs" : [ {
                "status" : "info",
                "place" : {
                  "filePath" : "rezervacija.gspec",
                  "lineNumber" : 68
                },
                "name" : "height 24px",
                "meta" : [ {
                  "from" : {
                    "object" : "gornja",
                    "edge" : "top"
                  },
                  "to" : {
                    "object" : "gornja",
                    "edge" : "bottom"
                  },
                  "expectedDistance" : "24px",
                  "realDistance" : "24px"
                } ],
                "highlight" : [ "gornja" ]
              }, {
                "status" : "info",
                "place" : {
                  "filePath" : "rezervacija.gspec",
                  "lineNumber" : 69
                },
                "name" : "css font-family is \"Verdana, Geneva, Tahoma, sans-serif\"",
                "highlight" : [ "gornja" ]
              }, {
                "status" : "info",
                "place" : {
                  "filePath" : "rezervacija.gspec",
                  "lineNumber" : 70
                },
                "name" : "css text-align is \"center\"",
                "highlight" : [ "gornja" ]
              }, {
                "status" : "info",
                "place" : {
                  "filePath" : "rezervacija.gspec",
                  "lineNumber" : 71
                },
                "name" : "css background-color is \"rgb(255, 255, 255)\"",
                "highlight" : [ "gornja" ]
              } ]
            }, {
              "name" : "button",
              "specs" : [ {
                "status" : "info",
                "place" : {
                  "filePath" : "rezervacija.gspec",
                  "lineNumber" : 73
                },
                "name" : "css font-family is \"Verdana, Geneva, Tahoma, sans-serif\"",
                "highlight" : [ "button" ]
              }, {
                "status" : "info",
                "place" : {
                  "filePath" : "rezervacija.gspec",
                  "lineNumber" : 74
                },
                "name" : "height 35px",
                "meta" : [ {
                  "from" : {
                    "object" : "button",
                    "edge" : "top"
                  },
                  "to" : {
                    "object" : "button",
                    "edge" : "bottom"
                  },
                  "expectedDistance" : "35px",
                  "realDistance" : "35px"
                } ],
                "highlight" : [ "button" ]
              }, {
                "status" : "info",
                "place" : {
                  "filePath" : "rezervacija.gspec",
                  "lineNumber" : 75
                },
                "name" : "width 100px",
                "meta" : [ {
                  "from" : {
                    "object" : "button",
                    "edge" : "left"
                  },
                  "to" : {
                    "object" : "button",
                    "edge" : "right"
                  },
                  "expectedDistance" : "100px",
                  "realDistance" : "100px"
                } ],
                "highlight" : [ "button" ]
              }, {
                "status" : "info",
                "place" : {
                  "filePath" : "rezervacija.gspec",
                  "lineNumber" : 76
                },
                "name" : "css background-color is \"rgb(100, 149, 237)\"",
                "highlight" : [ "button" ]
              } ]
            } ]
          } ],
          "objects" : {
            "meni" : {
              "area" : [ 0, 36, 996, 115 ]
            },
            "a" : {
              "area" : [ 312, 124, 73, 22 ]
            },
            "vrijeme" : {
              "area" : [ 124, 267, 105, 21 ]
            },
            "select" : {
              "area" : [ 124, 187, 105, 21 ]
            },
            "label" : {
              "area" : [ 20, 187, 100, 19 ]
            },
            "sadrzaj" : {
              "area" : [ 0, 167, 996, 612 ]
            },
            "zauzeta" : {
              "area" : [ 164, 518, 50, 14 ]
            },
            "gornja" : {
              "area" : [ 294, 440, 50, 24 ]
            },
            "button" : {
              "area" : [ 20, 725, 100, 35 ]
            },
            "th" : {
              "area" : [ 32, 361, 443, 21 ]
            },
            "ul" : {
              "area" : [ 0, 124, 996, 27 ]
            },
            "logo" : {
              "area" : [ 0, 0, 996, 72 ]
            },
            "sirina" : {
              "area" : [ 20, 187, 100, 19 ]
            },
            "slikica" : {
              "area" : [ 462, 0, 72, 72 ]
            },
            "li" : {
              "area" : [ 312, 124, 73, 22 ]
            },
            "slobodna" : {
              "area" : [ 294, 465, 50, 14 ]
            },
            "velika" : {
              "area" : [ 20, 348, 468, 358 ]
            }
          },
          "screenshot" : "layout-1-screenshot.png",
          "type" : "layout"
        } ],
        "time" : 1573665331298,
        "type" : "node"
      } ],
      "time" : 1573665322630,
      "type" : "node"
    } ]
  }
}