{
"periodicna":[
{"dan":0,"semestar":"zimski","pocetak":"10:30","kraj":"15:00","naziv":"VA1","predavac":"blabla"},
{"dan":3,"semestar":"ljetni","pocetak":"10:30","kraj":"15:00","naziv":"VA1","predavac":"blabla"},
{"dan":0,"semestar":"zimski","pocetak":"10:30","kraj":"15:00","naziv":"EE1","predavac":"blabla"}
        ],
"vandredna":[
{"datum":"26.10.2019","pocetak":"09:00","kraj":"16:00","naziv":"VA1","predavac":"blabla"},
{"datum":"13.10.2019","pocetak":"09:00","kraj":"16:00","naziv":"VA1","predavac":"blabla"},
{"datum":"12.12.2019","pocetak":"09:00","kraj":"16:00","naziv":"VA1","predavac":"blabla"}
        ]
}