{"periodicna":[{"dan":1,"semestar":"ljetnji","pocetak":"12:00","kraj":"13:30","naziv":"0-01","predavac":"Vensada Okanovic"},{"dan":4,"semestar":"zimski","pocetak":"19:30","kraj":"21:00","naziv":"1-01","predavac":"Haris Supic"},{"dan":0,"semestar":"ljetnji","pocetak":"14:00","kraj":"15:00","naziv":"2-01","predavac":"Vedran Ljubovic"},{"dan":3,"semestar":"zimski","pocetak":"09:00","kraj":"12:00","naziv":"0-01","predavac":"John Doe"},{"dan":4,"semestar":"ljetnji","pocetak":"09:00","kraj":"12:00","naziv":"0-01","predavac":"John Doe"},{"dan":3,"semestar":"ljetnji","pocetak":"09:00","kraj":"12:00","naziv":"0-01","predavac":"John Doe"},{"dan":2,"semestar":"ljetnji","pocetak":"09:00","kraj":"12:00","naziv":"0-01","predavac":"John Doe"}],"vanredna":[{"datum":"19.10.2019","pocetak":"15:00","kraj":"16:30","naziv":"1-01","predavac":"Dzenana Djonko"},{"datum":"19.10.2019","pocetak":"19:00","kraj":"20:00","naziv":"1-01","predavac":"Vensada Okanovic"},{"datum":"25.12.2019","pocetak":"13:00","kraj":"13:30","naziv":"0-01","predavac":"Vensada Okanovic"},{"datum":"13.04.2019","pocetak":"12:00","kraj":"13:30","naziv":"3-01","predavac":"Vensada Okanovic"},{"datum":"13.03.2019","pocetak":"11:00","kraj":"13:30","naziv":"2-01","predavac":"Vensada Okanovic"},{"datum":"10.1.2020","pocetak":"09:00","kraj":"12:00","naziv":"0-01","predavac":"John Doe"},{"datum":"8.2.2020","pocetak":"09:00","kraj":"12:00","naziv":"0-01","predavac":"John Doe"}]}