{"periodicna":[{"dan":0,"semestar":"zimski","pocetak":"12:00","kraj":"13:30","naziv":"VA1","predavac":"Huse"},{"dan":2,"semestar":"zimski","pocetak":"10:00","kraj":"11:45","naziv":"VA2","predavac":"Jurić"},{"dan":1,"semestar":"zimski","pocetak":"09:00","kraj":"10:30","naziv":"VA1","predavac":"Šejla"},{"dan":3,"semestar":"ljetni","pocetak":"15:00","kraj":"16:30","naziv":"MA","predavac":"Ivona"},{"dan":3,"semestar":"zimski","pocetak":"15:00","kraj":"16:00","naziv":"MA","predavac":"Neko"},{"dan":6,"semestar":"zimski","pocetak":"15:00","kraj":"16:00","naziv":"MA","predavac":"Neko"},{"dan":5,"semestar":"zimski","pocetak":"15:00","kraj":"16:00","naziv":"MA","predavac":"Neko"},{"dan":6,"semestar":"zimski","pocetak":"12:00","kraj":"14:00","naziv":"0-01","predavac":"Neko"},{"dan":2,"semestar":"zimski","pocetak":"11:00","kraj":"16:00","naziv":"0-01","predavac":"Neko"}],"vanredna":[{"datum":"12.10.2019","pocetak":"12:00","kraj":"13:30","naziv":"0-01","predavac":"Dinko"},{"datum":"05.08.2019","pocetak":"14:00","kraj":"16:30","naziv":"0-04","predavac":"Almasa"},{"datum":"05.08.2019","pocetak":"17:00","kraj":"19:30","naziv":"0-04","predavac":"Vedran"},{"datum":"26.11.2019","pocetak":"10:00","kraj":"11:30","naziv":"1-01","predavac":"Buza"},{"datum":"29.11.2019","pocetak":"14:00","kraj":"15:30","naziv":"1-01","predavac":"Nole"},{"datum":"28.11.2019","pocetak":"13:00","kraj":"14:30","naziv":"0-01","predavac":"Vensada"},{"datum":"13.12.2019","pocetak":"12:00","kraj":"14:00","naziv":"0-01","predavac":"Neko"},{"datum":"20.12.2019","pocetak":"10:00","kraj":"12:00","naziv":"0-01","predavac":"Neko"},{"datum":"10.12.2019","pocetak":"10:00","kraj":"12:00","naziv":"0-07","predavac":"Neko"},{"datum":"28.12.2019","pocetak":"11:00","kraj":"12:00","naziv":"0-01","predavac":"Neko"},{"datum":"24.12.2019","pocetak":"12:00","kraj":"14:00","naziv":"0-01","predavac":"Neko"},{"datum":"3.12.2019","pocetak":"12:00","kraj":"13:00","naziv":"VA2","predavac":"Neko"},{"datum":"6.12.2019","pocetak":"12:00","kraj":"13:00","naziv":"VA2","predavac":"Neko"},{"datum":"7.12.2019","pocetak":"12:00","kraj":"14:00","naziv":"0-01","predavac":"Neko"},{"datum":"6.12.2019","pocetak":"16:00","kraj":"17:00","naziv":"0-01","predavac":"Neko"},{"datum":"3.12.2019","pocetak":"12:00","kraj":"16:00","naziv":"0-01","predavac":"Neko"}]}