{
  "testId" : "1-pocetna.gspec",
  "name" : "pocetna.gspec",
  "report" : {
    "nodes" : [ {
      "name" : "Simple check",
      "status" : "info",
      "nodes" : [ {
        "name" : "check  pocetna.gspec --url C:/Users/Damir/Desktop/spirale/wt1916928/spirala1/pocetna.html --size 1366x786 --htmlreport reports",
        "status" : "info",
        "nodes" : [ {
          "name" : "Check layout: pocetna.gspec included tags: ",
          "status" : "info",
          "time" : 1573588076270,
          "sections" : [ {
            "name" : "Meni",
            "place" : {
              "filePath" : "pocetna.gspec",
              "lineNumber" : 6
            },
            "objects" : [ {
              "name" : "header",
              "specs" : [ {
                "status" : "info",
                "place" : {
                  "filePath" : "pocetna.gspec",
                  "lineNumber" : 8
                },
                "name" : "contains meni, logo",
                "highlight" : [ "header", "meni", "logo" ]
              } ]
            } ]
          } ],
          "objects" : {
            "meni" : {
              "area" : [ 0, 105, 1333, 58 ]
            },
            "header" : {
              "area" : [ 0, 70, 1333, 93 ]
            },
            "logo" : {
              "area" : [ 0, 105, 1333, 0 ]
            }
          },
          "screenshot" : "layout-1-screenshot.png",
          "type" : "layout"
        } ],
        "time" : 1573588072470,
        "type" : "node"
      } ],
      "time" : 1573588066021,
      "type" : "node"
    } ]
  }
}