{
  "testId" : "1-pocetna.html",
  "name" : "pocetna.html",
  "report" : {
    "nodes" : [ {
      "name" : "Simple check",
      "status" : "info",
      "nodes" : [ {
        "name" : "check  pocetna.html --url C:/Users/Damir/Desktop/spirale/wt1916928/spirala1/pocetna.html --size 1366x786 --htmlreport reports",
        "status" : "info",
        "nodes" : [ {
          "name" : "FileNotFoundException: pocetna.html",
          "status" : "error",
          "time" : 1573587944641,
          "stacktrace" : "java.io.FileNotFoundException: pocetna.html\r\n\tat com.galenframework.speclang2.pagespec.PageSpecReader.read(PageSpecReader.java:43)\r\n\tat com.galenframework.api.Galen.checkLayout(Galen.java:68)\r\n\tat com.galenframework.api.Galen.checkLayout(Galen.java:59)\r\n\tat com.galenframework.suite.actions.GalenPageActionCheck.execute(GalenPageActionCheck.java:52)\r\n\tat com.galenframework.runner.GalenPageRunner.executeAction(GalenPageRunner.java:84)\r\n\tat com.galenframework.runner.GalenPageRunner.run(GalenPageRunner.java:76)\r\n\tat com.galenframework.runner.GalenBasicTestRunner.runTest(GalenBasicTestRunner.java:76)\r\n\tat com.galenframework.tests.GalenBasicTest.execute(GalenBasicTest.java:55)\r\n\tat com.galenframework.TestRunnable.runTest(TestRunnable.java:75)\r\n\tat com.galenframework.TestRunnable.run(TestRunnable.java:101)\r\n\tat java.util.concurrent.ThreadPoolExecutor.runWorker(Unknown Source)\r\n\tat java.util.concurrent.ThreadPoolExecutor$Worker.run(Unknown Source)\r\n\tat java.lang.Thread.run(Unknown Source)\r\n",
          "type" : "node"
        } ],
        "time" : 1573587944621,
        "type" : "node"
      } ],
      "time" : 1573587936790,
      "type" : "node"
    } ]
  }
}