{
  "tests" : [ {
    "name" : "sale.gspec",
    "startedAt" : 1573565693123,
    "endedAt" : 1573565693437,
    "failed" : true,
    "statistic" : {
      "passed" : 0,
      "errors" : 1,
      "warnings" : 0,
      "total" : 1
    },
    "testId" : "1-sale.gspec",
    "exceptionMessage" : "IllegalStateException: The driver executable does not exist: C:\\path\\to\\chromedriver",
    "duration" : 314,
    "failed" : true,
    "exceptionStacktrace" : "java.lang.IllegalStateException: The driver executable does not exist: C:\\path\\to\\chromedriver\r\n\tat com.google.common.base.Preconditions.checkState(Preconditions.java:585)\r\n\tat org.openqa.selenium.remote.service.DriverService.checkExecutable(DriverService.java:137)\r\n\tat org.openqa.selenium.remote.service.DriverService.findExecutable(DriverService.java:132)\r\n\tat org.openqa.selenium.chrome.ChromeDriverService.access$000(ChromeDriverService.java:35)\r\n\tat org.openqa.selenium.chrome.ChromeDriverService$Builder.findDefaultExecutable(ChromeDriverService.java:156)\r\n\tat org.openqa.selenium.remote.service.DriverService$Builder.build(DriverService.java:346)\r\n\tat org.openqa.selenium.chrome.ChromeDriverService.createDefaultService(ChromeDriverService.java:91)\r\n\tat org.openqa.selenium.chrome.ChromeDriver.<init>(ChromeDriver.java:147)\r\n\tat com.galenframework.browser.SeleniumBrowserFactory.getDriver(SeleniumBrowserFactory.java:103)\r\n\tat com.galenframework.browser.SeleniumBrowserFactory.createLocalBrowser(SeleniumBrowserFactory.java:94)\r\n\tat com.galenframework.browser.SeleniumBrowserFactory.openBrowser(SeleniumBrowserFactory.java:70)\r\n\tat com.galenframework.runner.GalenBasicTestRunner.runTest(GalenBasicTestRunner.java:73)\r\n\tat com.galenframework.tests.GalenBasicTest.execute(GalenBasicTest.java:55)\r\n\tat com.galenframework.TestRunnable.runTest(TestRunnable.java:75)\r\n\tat com.galenframework.TestRunnable.run(TestRunnable.java:101)\r\n\tat java.util.concurrent.ThreadPoolExecutor.runWorker(Unknown Source)\r\n\tat java.util.concurrent.ThreadPoolExecutor$Worker.run(Unknown Source)\r\n\tat java.lang.Thread.run(Unknown Source)\r\n"
  } ]
}