{
  "testId" : "1-mobilesale.gspec",
  "name" : "mobileSale.gspec",
  "report" : {
    "nodes" : [ {
      "name" : "Mutation test",
      "status" : "info",
      "nodes" : [ {
        "name" : "check  mobileSale.gspec --url http://localhost/html/sale.html --size 600x768 --htmlreport izvjestajiSaleMobileMutate",
        "status" : "info",
        "nodes" : [ {
          "name" : "Check layout: mobileSale.gspec included tags: ",
          "status" : "info",
          "time" : 1573658438283,
          "sections" : [ {
            "name" : "Meni section",
            "place" : {
              "filePath" : "mobileMeni.gspec",
              "lineNumber" : 12
            },
            "objects" : [ {
              "name" : "menu",
              "specs" : [ {
                "status" : "info",
                "place" : {
                  "filePath" : "mobileMeni.gspec",
                  "lineNumber" : 15
                },
                "name" : "width ~98 % of screen/width",
                "meta" : [ {
                  "from" : {
                    "object" : "menu",
                    "edge" : "left"
                  },
                  "to" : {
                    "object" : "menu",
                    "edge" : "right"
                  },
                  "expectedDistance" : "96 to 100% [547 to 570px]",
                  "realDistance" : "97% [554px]"
                } ],
                "highlight" : [ "menu" ]
              }, {
                "status" : "info",
                "place" : {
                  "filePath" : "mobileMeni.gspec",
                  "lineNumber" : 16
                },
                "name" : "contains menu_item-*",
                "highlight" : [ "menu", "menu_item-1", "menu_item-2", "menu_item-3", "menu_item-4", "menu_item-5" ]
              }, {
                "status" : "info",
                "place" : {
                  "filePath" : "mobileMeni.gspec",
                  "lineNumber" : 17
                },
                "name" : "contains partly logo",
                "highlight" : [ "menu", "logo" ]
              } ]
            }, {
              "name" : "logo",
              "specs" : [ {
                "status" : "info",
                "place" : {
                  "filePath" : "mobileMeni.gspec",
                  "lineNumber" : 20
                },
                "name" : "inside menu",
                "meta" : [ ],
                "highlight" : [ "logo", "menu" ]
              } ]
            }, {
              "name" : "menu_item-1",
              "specs" : [ {
                "status" : "info",
                "place" : {
                  "filePath" : "mobileMeni.gspec",
                  "lineNumber" : 24
                },
                "name" : "aligned vertically all menu_item-2",
                "highlight" : [ "menu_item-1", "menu_item-2" ]
              }, {
                "status" : "info",
                "place" : {
                  "filePath" : "mobileMeni.gspec",
                  "lineNumber" : 28
                },
                "name" : "text is \"Po�?etna\"",
                "highlight" : [ "menu_item-1" ]
              } ]
            }, {
              "name" : "menu_item-2",
              "specs" : [ {
                "status" : "info",
                "place" : {
                  "filePath" : "mobileMeni.gspec",
                  "lineNumber" : 24
                },
                "name" : "aligned vertically all menu_item-3",
                "highlight" : [ "menu_item-2", "menu_item-3" ]
              }, {
                "status" : "info",
                "place" : {
                  "filePath" : "mobileMeni.gspec",
                  "lineNumber" : 28
                },
                "name" : "text is \"Sale\"",
                "highlight" : [ "menu_item-2" ]
              } ]
            }, {
              "name" : "menu_item-3",
              "specs" : [ {
                "status" : "info",
                "place" : {
                  "filePath" : "mobileMeni.gspec",
                  "lineNumber" : 24
                },
                "name" : "aligned vertically all menu_item-4",
                "highlight" : [ "menu_item-3", "menu_item-4" ]
              }, {
                "status" : "info",
                "place" : {
                  "filePath" : "mobileMeni.gspec",
                  "lineNumber" : 28
                },
                "name" : "text is \"Unos\"",
                "highlight" : [ "menu_item-3" ]
              } ]
            }, {
              "name" : "menu_item-4",
              "specs" : [ {
                "status" : "info",
                "place" : {
                  "filePath" : "mobileMeni.gspec",
                  "lineNumber" : 24
                },
                "name" : "aligned vertically all menu_item-5",
                "highlight" : [ "menu_item-4", "menu_item-5" ]
              }, {
                "status" : "info",
                "place" : {
                  "filePath" : "mobileMeni.gspec",
                  "lineNumber" : 28
                },
                "name" : "text is \"Rezervacije\"",
                "highlight" : [ "menu_item-4" ]
              } ]
            }, {
              "name" : "menu_item-5",
              "specs" : [ {
                "status" : "info",
                "place" : {
                  "filePath" : "mobileMeni.gspec",
                  "lineNumber" : 28
                },
                "name" : "text is \"Osobe\"",
                "highlight" : [ "menu_item-5" ]
              } ]
            }, {
              "name" : "stavka",
              "specs" : [ {
                "status" : "info",
                "place" : {
                  "filePath" : "mobileMeni.gspec",
                  "lineNumber" : 31
                },
                "name" : "css display is \"block\"",
                "highlight" : [ "stavka" ]
              } ]
            }, {
              "name" : "link-1",
              "specs" : [ {
                "status" : "info",
                "place" : {
                  "filePath" : "mobileSale.gspec",
                  "lineNumber" : 19
                },
                "name" : "css text-decoration is \"underline solid rgb(0, 0, 238)\"",
                "highlight" : [ "link-1" ]
              } ]
            }, {
              "name" : "link-3",
              "specs" : [ {
                "status" : "info",
                "place" : {
                  "filePath" : "mobileSale.gspec",
                  "lineNumber" : 19
                },
                "name" : "css text-decoration is \"underline solid rgb(0, 0, 238)\"",
                "highlight" : [ "link-3" ]
              } ]
            }, {
              "name" : "link-4",
              "specs" : [ {
                "status" : "info",
                "place" : {
                  "filePath" : "mobileSale.gspec",
                  "lineNumber" : 19
                },
                "name" : "css text-decoration is \"underline solid rgb(0, 0, 238)\"",
                "highlight" : [ "link-4" ]
              } ]
            }, {
              "name" : "link-5",
              "specs" : [ {
                "status" : "info",
                "place" : {
                  "filePath" : "mobileSale.gspec",
                  "lineNumber" : 19
                },
                "name" : "css text-decoration is \"underline solid rgb(0, 0, 238)\"",
                "highlight" : [ "link-5" ]
              } ]
            }, {
              "name" : "link-2",
              "specs" : [ {
                "status" : "info",
                "place" : {
                  "filePath" : "mobileSale.gspec",
                  "lineNumber" : 22
                },
                "name" : "css text-decoration is \"none solid rgb(0, 0, 238)\"",
                "highlight" : [ "link-2" ]
              } ]
            } ]
          }, {
            "name" : "Main section",
            "place" : {
              "filePath" : "mobileSale.gspec",
              "lineNumber" : 24
            },
            "objects" : [ {
              "name" : "tabela",
              "specs" : [ {
                "status" : "info",
                "place" : {
                  "filePath" : "mobileSale.gspec",
                  "lineNumber" : 28
                },
                "name" : "centered horizontally inside sadrzaj",
                "highlight" : [ "tabela", "sadrzaj" ]
              }, {
                "status" : "info",
                "place" : {
                  "filePath" : "mobileSale.gspec",
                  "lineNumber" : 29
                },
                "name" : "count visible celija-* is 45",
                "highlight" : [ "celija-28", "celija-27", "celija-29", "celija-24", "celija-46", "celija-23", "celija-45", "celija-26", "celija-48", "celija-47", "celija-20", "celija-42", "celija-41", "celija-22", "celija-44", "celija-21", "celija-60", "celija-40", "celija-17", "celija-39", "celija-16", "celija-38", "celija-18", "celija-35", "celija-57", "celija-12", "celija-34", "celija-56", "celija-15", "celija-59", "celija-14", "celija-36", "celija-58", "celija-53", "celija-30", "celija-52", "celija-11", "celija-33", "celija-10", "celija-32", "celija-54", "celija-9", "celija-51", "celija-8", "celija-50" ]
              }, {
                "status" : "info",
                "place" : {
                  "filePath" : "mobileSale.gspec",
                  "lineNumber" : 31
                },
                "name" : "count visible naslovCelija-* is 0",
                "highlight" : [ ]
              } ]
            }, {
              "name" : "redniBrojevi-1",
              "specs" : [ {
                "status" : "info",
                "place" : {
                  "filePath" : "mobileSale.gspec",
                  "lineNumber" : 39
                },
                "name" : "absent",
                "highlight" : [ ]
              } ]
            }, {
              "name" : "redniBrojevi-2",
              "specs" : [ {
                "status" : "info",
                "place" : {
                  "filePath" : "mobileSale.gspec",
                  "lineNumber" : 39
                },
                "name" : "absent",
                "highlight" : [ ]
              } ]
            }, {
              "name" : "redniBrojevi-3",
              "specs" : [ {
                "status" : "info",
                "place" : {
                  "filePath" : "mobileSale.gspec",
                  "lineNumber" : 39
                },
                "name" : "absent",
                "highlight" : [ ]
              } ]
            }, {
              "name" : "redniBrojevi-4",
              "specs" : [ {
                "status" : "info",
                "place" : {
                  "filePath" : "mobileSale.gspec",
                  "lineNumber" : 39
                },
                "name" : "absent",
                "highlight" : [ ]
              } ]
            }, {
              "name" : "redniBrojevi-5",
              "specs" : [ {
                "status" : "info",
                "place" : {
                  "filePath" : "mobileSale.gspec",
                  "lineNumber" : 39
                },
                "name" : "absent",
                "highlight" : [ ]
              } ]
            }, {
              "name" : "redniBrojevi-6",
              "specs" : [ {
                "status" : "info",
                "place" : {
                  "filePath" : "mobileSale.gspec",
                  "lineNumber" : 39
                },
                "name" : "absent",
                "highlight" : [ ]
              } ]
            }, {
              "name" : "redniBrojevi-7",
              "specs" : [ {
                "status" : "info",
                "place" : {
                  "filePath" : "mobileSale.gspec",
                  "lineNumber" : 39
                },
                "name" : "absent",
                "highlight" : [ ]
              } ]
            }, {
              "name" : "redniBrojevi-8",
              "specs" : [ {
                "status" : "info",
                "place" : {
                  "filePath" : "mobileSale.gspec",
                  "lineNumber" : 39
                },
                "name" : "absent",
                "highlight" : [ ]
              } ]
            }, {
              "name" : "redniBrojevi-9",
              "specs" : [ {
                "status" : "info",
                "place" : {
                  "filePath" : "mobileSale.gspec",
                  "lineNumber" : 39
                },
                "name" : "absent",
                "highlight" : [ ]
              } ]
            }, {
              "name" : "redniBrojevi-10",
              "specs" : [ {
                "status" : "info",
                "place" : {
                  "filePath" : "mobileSale.gspec",
                  "lineNumber" : 39
                },
                "name" : "absent",
                "highlight" : [ ]
              } ]
            }, {
              "name" : "spratHeader-1",
              "specs" : [ {
                "status" : "info",
                "place" : {
                  "filePath" : "mobileSale.gspec",
                  "lineNumber" : 41
                },
                "name" : "absent",
                "highlight" : [ ]
              } ]
            }, {
              "name" : "spratHeader-2",
              "specs" : [ {
                "status" : "info",
                "place" : {
                  "filePath" : "mobileSale.gspec",
                  "lineNumber" : 41
                },
                "name" : "absent",
                "highlight" : [ ]
              } ]
            }, {
              "name" : "spratHeader-3",
              "specs" : [ {
                "status" : "info",
                "place" : {
                  "filePath" : "mobileSale.gspec",
                  "lineNumber" : 41
                },
                "name" : "absent",
                "highlight" : [ ]
              } ]
            }, {
              "name" : "spratHeader-4",
              "specs" : [ {
                "status" : "info",
                "place" : {
                  "filePath" : "mobileSale.gspec",
                  "lineNumber" : 41
                },
                "name" : "absent",
                "highlight" : [ ]
              } ]
            }, {
              "name" : "spratHeader-5",
              "specs" : [ {
                "status" : "info",
                "place" : {
                  "filePath" : "mobileSale.gspec",
                  "lineNumber" : 41
                },
                "name" : "absent",
                "highlight" : [ ]
              } ]
            }, {
              "name" : "spratHeader-6",
              "specs" : [ {
                "status" : "info",
                "place" : {
                  "filePath" : "mobileSale.gspec",
                  "lineNumber" : 41
                },
                "name" : "absent",
                "highlight" : [ ]
              } ]
            } ]
          } ],
          "objects" : {
            "menu_item-3" : {
              "area" : [ 59, 242, 492, 18 ]
            },
            "celija-28" : {
              "area" : [ 261, 462, 44, 37 ]
            },
            "menu_item-2" : {
              "area" : [ 59, 213, 492, 18 ]
            },
            "celija-27" : {
              "area" : [ 217, 462, 44, 37 ]
            },
            "menu_item-5" : {
              "area" : [ 59, 299, 492, 18 ]
            },
            "menu_item-4" : {
              "area" : [ 59, 270, 492, 18 ]
            },
            "celija-29" : {
              "area" : [ 305, 462, 44, 37 ]
            },
            "celija-24" : {
              "area" : [ 349, 426, 48, 37 ]
            },
            "celija-23" : {
              "area" : [ 305, 426, 44, 37 ]
            },
            "celija-26" : {
              "area" : [ 173, 462, 44, 37 ]
            },
            "celija-20" : {
              "area" : [ 173, 426, 44, 37 ]
            },
            "celija-22" : {
              "area" : [ 261, 426, 44, 37 ]
            },
            "celija-21" : {
              "area" : [ 217, 426, 44, 37 ]
            },
            "celija-60" : {
              "area" : [ 349, 646, 48, 37 ]
            },
            "menu_item-1" : {
              "area" : [ 59, 185, 492, 18 ]
            },
            "tabela" : {
              "area" : [ 173, 352, 224, 331 ]
            },
            "logo" : {
              "area" : [ 9, 61, 553, 108 ]
            },
            "celija-39" : {
              "area" : [ 217, 536, 44, 37 ]
            },
            "celija-38" : {
              "area" : [ 173, 536, 44, 37 ]
            },
            "celija-35" : {
              "area" : [ 305, 499, 44, 37 ]
            },
            "celija-34" : {
              "area" : [ 261, 499, 44, 37 ]
            },
            "celija-36" : {
              "area" : [ 349, 499, 48, 37 ]
            },
            "celija-30" : {
              "area" : [ 349, 462, 48, 37 ]
            },
            "celija-33" : {
              "area" : [ 217, 499, 44, 37 ]
            },
            "celija-32" : {
              "area" : [ 173, 499, 44, 37 ]
            },
            "celija-9" : {
              "area" : [ 217, 352, 44, 37 ]
            },
            "celija-8" : {
              "area" : [ 173, 352, 44, 37 ]
            },
            "celija-46" : {
              "area" : [ 261, 573, 44, 37 ]
            },
            "celija-45" : {
              "area" : [ 217, 573, 44, 37 ]
            },
            "celija-48" : {
              "area" : [ 349, 573, 48, 37 ]
            },
            "celija-47" : {
              "area" : [ 305, 573, 44, 37 ]
            },
            "celija-42" : {
              "area" : [ 349, 536, 48, 37 ]
            },
            "celija-41" : {
              "area" : [ 305, 536, 44, 37 ]
            },
            "celija-44" : {
              "area" : [ 173, 573, 44, 37 ]
            },
            "celija-40" : {
              "area" : [ 261, 536, 44, 37 ]
            },
            "link-1" : {
              "area" : [ 279, 185, 50, 18 ]
            },
            "link-2" : {
              "area" : [ 291, 213, 28, 18 ]
            },
            "celija-17" : {
              "area" : [ 305, 389, 44, 37 ]
            },
            "stavka" : {
              "area" : [ 59, 185, 492, 18 ]
            },
            "celija-16" : {
              "area" : [ 261, 389, 44, 37 ]
            },
            "celija-18" : {
              "area" : [ 349, 389, 48, 37 ]
            },
            "link-5" : {
              "area" : [ 284, 299, 41, 18 ]
            },
            "celija-57" : {
              "area" : [ 217, 646, 44, 37 ]
            },
            "celija-12" : {
              "area" : [ 349, 352, 48, 37 ]
            },
            "celija-56" : {
              "area" : [ 173, 646, 44, 37 ]
            },
            "link-3" : {
              "area" : [ 288, 242, 34, 18 ]
            },
            "celija-15" : {
              "area" : [ 217, 389, 44, 37 ]
            },
            "celija-59" : {
              "area" : [ 305, 646, 44, 37 ]
            },
            "link-4" : {
              "area" : [ 267, 270, 76, 18 ]
            },
            "celija-14" : {
              "area" : [ 173, 389, 44, 37 ]
            },
            "celija-58" : {
              "area" : [ 261, 646, 44, 37 ]
            },
            "celija-53" : {
              "area" : [ 305, 610, 44, 37 ]
            },
            "celija-52" : {
              "area" : [ 261, 610, 44, 37 ]
            },
            "celija-11" : {
              "area" : [ 305, 352, 44, 37 ]
            },
            "celija-10" : {
              "area" : [ 261, 352, 44, 37 ]
            },
            "celija-54" : {
              "area" : [ 349, 610, 48, 37 ]
            },
            "menu" : {
              "area" : [ 8, 60, 554, 275 ]
            },
            "sadrzaj" : {
              "area" : [ 8, 340, 554, 350 ]
            },
            "celija-51" : {
              "area" : [ 217, 610, 44, 37 ]
            },
            "celija-50" : {
              "area" : [ 173, 610, 44, 37 ]
            }
          },
          "screenshot" : "layout-1-screenshot.png",
          "type" : "layout"
        }, {
          "name" : "Mutation testing: mobileSale.gspec included tags: ",
          "status" : "info",
          "time" : 1573658438283,
          "mutationReport" : {
            "objectMutationStatistics" : {
              "menu_item-3" : {
                "passed" : 10,
                "failed" : 0,
                "failedMutations" : [ ]
              },
              "celija-28" : {
                "passed" : 10,
                "failed" : 0,
                "failedMutations" : [ ]
              },
              "menu_item-2" : {
                "passed" : 10,
                "failed" : 0,
                "failedMutations" : [ ]
              },
              "celija-27" : {
                "passed" : 10,
                "failed" : 0,
                "failedMutations" : [ ]
              },
              "menu_item-5" : {
                "passed" : 10,
                "failed" : 0,
                "failedMutations" : [ ]
              },
              "menu_item-4" : {
                "passed" : 10,
                "failed" : 0,
                "failedMutations" : [ ]
              },
              "celija-29" : {
                "passed" : 10,
                "failed" : 0,
                "failedMutations" : [ ]
              },
              "celija-24" : {
                "passed" : 10,
                "failed" : 0,
                "failedMutations" : [ ]
              },
              "celija-23" : {
                "passed" : 10,
                "failed" : 0,
                "failedMutations" : [ ]
              },
              "celija-26" : {
                "passed" : 10,
                "failed" : 0,
                "failedMutations" : [ ]
              },
              "celija-25" : {
                "passed" : 10,
                "failed" : 0,
                "failedMutations" : [ ]
              },
              "celija-20" : {
                "passed" : 10,
                "failed" : 0,
                "failedMutations" : [ ]
              },
              "screen" : {
                "passed" : 10,
                "failed" : 0,
                "failedMutations" : [ ]
              },
              "celija-22" : {
                "passed" : 10,
                "failed" : 0,
                "failedMutations" : [ ]
              },
              "celija-21" : {
                "passed" : 10,
                "failed" : 0,
                "failedMutations" : [ ]
              },
              "celija-60" : {
                "passed" : 10,
                "failed" : 0,
                "failedMutations" : [ ]
              },
              "menu_item-1" : {
                "passed" : 10,
                "failed" : 0,
                "failedMutations" : [ ]
              },
              "tabela" : {
                "passed" : 10,
                "failed" : 0,
                "failedMutations" : [ ]
              },
              "spratHeader-2" : {
                "passed" : 10,
                "failed" : 0,
                "failedMutations" : [ ]
              },
              "logo" : {
                "passed" : 10,
                "failed" : 0,
                "failedMutations" : [ ]
              },
              "spratHeader-3" : {
                "passed" : 10,
                "failed" : 0,
                "failedMutations" : [ ]
              },
              "spratHeader-1" : {
                "passed" : 10,
                "failed" : 0,
                "failedMutations" : [ ]
              },
              "spratHeader-6" : {
                "passed" : 10,
                "failed" : 0,
                "failedMutations" : [ ]
              },
              "spratHeader-4" : {
                "passed" : 10,
                "failed" : 0,
                "failedMutations" : [ ]
              },
              "spratHeader-5" : {
                "passed" : 10,
                "failed" : 0,
                "failedMutations" : [ ]
              },
              "celija-39" : {
                "passed" : 10,
                "failed" : 0,
                "failedMutations" : [ ]
              },
              "celija-38" : {
                "passed" : 10,
                "failed" : 0,
                "failedMutations" : [ ]
              },
              "redniBrojevi-1" : {
                "passed" : 10,
                "failed" : 0,
                "failedMutations" : [ ]
              },
              "redniBrojevi-2" : {
                "passed" : 10,
                "failed" : 0,
                "failedMutations" : [ ]
              },
              "redniBrojevi-3" : {
                "passed" : 10,
                "failed" : 0,
                "failedMutations" : [ ]
              },
              "celija-35" : {
                "passed" : 10,
                "failed" : 0,
                "failedMutations" : [ ]
              },
              "redniBrojevi-10" : {
                "passed" : 10,
                "failed" : 0,
                "failedMutations" : [ ]
              },
              "celija-34" : {
                "passed" : 10,
                "failed" : 0,
                "failedMutations" : [ ]
              },
              "celija-37" : {
                "passed" : 10,
                "failed" : 0,
                "failedMutations" : [ ]
              },
              "celija-36" : {
                "passed" : 10,
                "failed" : 0,
                "failedMutations" : [ ]
              },
              "celija-31" : {
                "passed" : 10,
                "failed" : 0,
                "failedMutations" : [ ]
              },
              "redniBrojevi-8" : {
                "passed" : 10,
                "failed" : 0,
                "failedMutations" : [ ]
              },
              "celija-30" : {
                "passed" : 10,
                "failed" : 0,
                "failedMutations" : [ ]
              },
              "redniBrojevi-9" : {
                "passed" : 10,
                "failed" : 0,
                "failedMutations" : [ ]
              },
              "celija-33" : {
                "passed" : 10,
                "failed" : 0,
                "failedMutations" : [ ]
              },
              "celija-32" : {
                "passed" : 10,
                "failed" : 0,
                "failedMutations" : [ ]
              },
              "celija-9" : {
                "passed" : 10,
                "failed" : 0,
                "failedMutations" : [ ]
              },
              "redniBrojevi-4" : {
                "passed" : 10,
                "failed" : 0,
                "failedMutations" : [ ]
              },
              "redniBrojevi-5" : {
                "passed" : 10,
                "failed" : 0,
                "failedMutations" : [ ]
              },
              "celija-7" : {
                "passed" : 10,
                "failed" : 0,
                "failedMutations" : [ ]
              },
              "redniBrojevi-6" : {
                "passed" : 10,
                "failed" : 0,
                "failedMutations" : [ ]
              },
              "celija-8" : {
                "passed" : 10,
                "failed" : 0,
                "failedMutations" : [ ]
              },
              "redniBrojevi-7" : {
                "passed" : 10,
                "failed" : 0,
                "failedMutations" : [ ]
              },
              "celija-49" : {
                "passed" : 10,
                "failed" : 0,
                "failedMutations" : [ ]
              },
              "celija-46" : {
                "passed" : 10,
                "failed" : 0,
                "failedMutations" : [ ]
              },
              "celija-45" : {
                "passed" : 10,
                "failed" : 0,
                "failedMutations" : [ ]
              },
              "celija-48" : {
                "passed" : 10,
                "failed" : 0,
                "failedMutations" : [ ]
              },
              "celija-47" : {
                "passed" : 10,
                "failed" : 0,
                "failedMutations" : [ ]
              },
              "celija-42" : {
                "passed" : 10,
                "failed" : 0,
                "failedMutations" : [ ]
              },
              "celija-41" : {
                "passed" : 10,
                "failed" : 0,
                "failedMutations" : [ ]
              },
              "celija-44" : {
                "passed" : 10,
                "failed" : 0,
                "failedMutations" : [ ]
              },
              "celija-43" : {
                "passed" : 10,
                "failed" : 0,
                "failedMutations" : [ ]
              },
              "celija-40" : {
                "passed" : 10,
                "failed" : 0,
                "failedMutations" : [ ]
              },
              "celija-5" : {
                "passed" : 10,
                "failed" : 0,
                "failedMutations" : [ ]
              },
              "celija-6" : {
                "passed" : 10,
                "failed" : 0,
                "failedMutations" : [ ]
              },
              "celija-3" : {
                "passed" : 10,
                "failed" : 0,
                "failedMutations" : [ ]
              },
              "celija-4" : {
                "passed" : 10,
                "failed" : 0,
                "failedMutations" : [ ]
              },
              "celija-1" : {
                "passed" : 10,
                "failed" : 0,
                "failedMutations" : [ ]
              },
              "celija-2" : {
                "passed" : 10,
                "failed" : 0,
                "failedMutations" : [ ]
              },
              "link-1" : {
                "passed" : 10,
                "failed" : 0,
                "failedMutations" : [ ]
              },
              "link-2" : {
                "passed" : 10,
                "failed" : 0,
                "failedMutations" : [ ]
              },
              "celija-17" : {
                "passed" : 10,
                "failed" : 0,
                "failedMutations" : [ ]
              },
              "stavka" : {
                "passed" : 10,
                "failed" : 0,
                "failedMutations" : [ ]
              },
              "celija-16" : {
                "passed" : 10,
                "failed" : 0,
                "failedMutations" : [ ]
              },
              "celija-19" : {
                "passed" : 10,
                "failed" : 0,
                "failedMutations" : [ ]
              },
              "celija-18" : {
                "passed" : 10,
                "failed" : 0,
                "failedMutations" : [ ]
              },
              "link-5" : {
                "passed" : 10,
                "failed" : 0,
                "failedMutations" : [ ]
              },
              "celija-13" : {
                "passed" : 10,
                "failed" : 0,
                "failedMutations" : [ ]
              },
              "celija-57" : {
                "passed" : 10,
                "failed" : 0,
                "failedMutations" : [ ]
              },
              "celija-12" : {
                "passed" : 10,
                "failed" : 0,
                "failedMutations" : [ ]
              },
              "celija-56" : {
                "passed" : 10,
                "failed" : 0,
                "failedMutations" : [ ]
              },
              "link-3" : {
                "passed" : 10,
                "failed" : 0,
                "failedMutations" : [ ]
              },
              "celija-15" : {
                "passed" : 10,
                "failed" : 0,
                "failedMutations" : [ ]
              },
              "celija-59" : {
                "passed" : 10,
                "failed" : 0,
                "failedMutations" : [ ]
              },
              "link-4" : {
                "passed" : 10,
                "failed" : 0,
                "failedMutations" : [ ]
              },
              "celija-14" : {
                "passed" : 10,
                "failed" : 0,
                "failedMutations" : [ ]
              },
              "celija-58" : {
                "passed" : 10,
                "failed" : 0,
                "failedMutations" : [ ]
              },
              "celija-53" : {
                "passed" : 10,
                "failed" : 0,
                "failedMutations" : [ ]
              },
              "naslovCelija-2" : {
                "passed" : 10,
                "failed" : 0,
                "failedMutations" : [ ]
              },
              "celija-52" : {
                "passed" : 10,
                "failed" : 0,
                "failedMutations" : [ ]
              },
              "celija-11" : {
                "passed" : 10,
                "failed" : 0,
                "failedMutations" : [ ]
              },
              "celija-55" : {
                "passed" : 10,
                "failed" : 0,
                "failedMutations" : [ ]
              },
              "celija-10" : {
                "passed" : 10,
                "failed" : 0,
                "failedMutations" : [ ]
              },
              "celija-54" : {
                "passed" : 10,
                "failed" : 0,
                "failedMutations" : [ ]
              },
              "naslovCelija-1" : {
                "passed" : 10,
                "failed" : 0,
                "failedMutations" : [ ]
              },
              "menu" : {
                "passed" : 10,
                "failed" : 0,
                "failedMutations" : [ ]
              },
              "sadrzaj" : {
                "passed" : 10,
                "failed" : 0,
                "failedMutations" : [ ]
              },
              "celija-51" : {
                "passed" : 10,
                "failed" : 0,
                "failedMutations" : [ ]
              },
              "celija-50" : {
                "passed" : 10,
                "failed" : 0,
                "failedMutations" : [ ]
              }
            },
            "totalPassed" : 940,
            "totalFailed" : 0,
            "failedRatio" : 0.0,
            "totalMutations" : 940
          },
          "type" : "mutation"
        } ],
        "time" : 1573658419523,
        "type" : "node"
      } ],
      "time" : 1573658413874,
      "type" : "node"
    } ]
  }
}