{
  "testId" : "1-unos.gspec",
  "name" : "unos.gspec",
  "report" : {
    "nodes" : [ {
      "name" : "Mutation test",
      "status" : "info",
      "nodes" : [ {
        "name" : "check  unos.gspec --url http://localhost/unos.html --size 1200x800 --offset 5 --htmlreport mutation-report",
        "status" : "info",
        "nodes" : [ {
          "name" : "Check layout: unos.gspec included tags: ",
          "status" : "info",
          "time" : 1573664885763,
          "sections" : [ {
            "name" : "Meni section",
            "place" : {
              "filePath" : "unos.gspec",
              "lineNumber" : 13
            },
            "objects" : [ {
              "name" : "meni",
              "specs" : [ {
                "status" : "info",
                "place" : {
                  "filePath" : "unos.gspec",
                  "lineNumber" : 15
                },
                "name" : "css background-color is \"rgb(173, 216, 230)\"",
                "highlight" : [ "meni" ]
              } ]
            }, {
              "name" : "logo",
              "specs" : [ {
                "status" : "info",
                "place" : {
                  "filePath" : "unos.gspec",
                  "lineNumber" : 17
                },
                "name" : "height 72px",
                "meta" : [ {
                  "from" : {
                    "object" : "logo",
                    "edge" : "top"
                  },
                  "to" : {
                    "object" : "logo",
                    "edge" : "bottom"
                  },
                  "expectedDistance" : "72px",
                  "realDistance" : "72px"
                } ],
                "highlight" : [ "logo" ]
              }, {
                "status" : "info",
                "place" : {
                  "filePath" : "unos.gspec",
                  "lineNumber" : 18
                },
                "name" : "above meni -36px",
                "meta" : [ {
                  "from" : {
                    "object" : "logo",
                    "edge" : "bottom"
                  },
                  "to" : {
                    "object" : "meni",
                    "edge" : "top"
                  },
                  "expectedDistance" : "-36px",
                  "realDistance" : "-36px"
                } ],
                "highlight" : [ "logo", "meni" ]
              } ]
            }, {
              "name" : "slikica",
              "specs" : [ {
                "status" : "info",
                "place" : {
                  "filePath" : "unos.gspec",
                  "lineNumber" : 20
                },
                "name" : "inside logo",
                "meta" : [ ],
                "highlight" : [ "slikica", "logo" ]
              }, {
                "status" : "info",
                "place" : {
                  "filePath" : "unos.gspec",
                  "lineNumber" : 21
                },
                "name" : "centered horizontally inside logo",
                "highlight" : [ "slikica", "logo" ]
              }, {
                "status" : "info",
                "place" : {
                  "filePath" : "unos.gspec",
                  "lineNumber" : 22
                },
                "name" : "height 72px",
                "meta" : [ {
                  "from" : {
                    "object" : "slikica",
                    "edge" : "top"
                  },
                  "to" : {
                    "object" : "slikica",
                    "edge" : "bottom"
                  },
                  "expectedDistance" : "72px",
                  "realDistance" : "72px"
                } ],
                "highlight" : [ "slikica" ]
              }, {
                "status" : "info",
                "place" : {
                  "filePath" : "unos.gspec",
                  "lineNumber" : 23
                },
                "name" : "width 72px",
                "meta" : [ {
                  "from" : {
                    "object" : "slikica",
                    "edge" : "left"
                  },
                  "to" : {
                    "object" : "slikica",
                    "edge" : "right"
                  },
                  "expectedDistance" : "72px",
                  "realDistance" : "72px"
                } ],
                "highlight" : [ "slikica" ]
              } ]
            }, {
              "name" : "ul",
              "specs" : [ {
                "status" : "info",
                "place" : {
                  "filePath" : "unos.gspec",
                  "lineNumber" : 25
                },
                "name" : "centered horizontally inside meni",
                "highlight" : [ "ul", "meni" ]
              } ]
            }, {
              "name" : "li",
              "specs" : [ {
                "status" : "info",
                "place" : {
                  "filePath" : "unos.gspec",
                  "lineNumber" : 27
                },
                "name" : "css display is \"inline\"",
                "highlight" : [ "li" ]
              }, {
                "status" : "info",
                "place" : {
                  "filePath" : "unos.gspec",
                  "lineNumber" : 28
                },
                "name" : "css font-family is \"Verdana, Geneva, Tahoma, sans-serif\"",
                "highlight" : [ "li" ]
              } ]
            }, {
              "name" : "a",
              "specs" : [ {
                "status" : "info",
                "place" : {
                  "filePath" : "unos.gspec",
                  "lineNumber" : 30
                },
                "name" : "css color is \"rgb(0, 0, 0)\"",
                "highlight" : [ "a" ]
              } ]
            } ]
          }, {
            "name" : "Main section",
            "place" : {
              "filePath" : "unos.gspec",
              "lineNumber" : 31
            },
            "objects" : [ {
              "name" : "sadrzaj",
              "specs" : [ {
                "status" : "info",
                "place" : {
                  "filePath" : "unos.gspec",
                  "lineNumber" : 33
                },
                "name" : "css background-color is \"rgb(173, 216, 230)\"",
                "highlight" : [ "sadrzaj" ]
              }, {
                "status" : "info",
                "place" : {
                  "filePath" : "unos.gspec",
                  "lineNumber" : 34
                },
                "name" : "below meni",
                "meta" : [ {
                  "from" : {
                    "object" : "sadrzaj",
                    "edge" : "top"
                  },
                  "to" : {
                    "object" : "meni",
                    "edge" : "bottom"
                  },
                  "expectedDistance" : ">= 0px",
                  "realDistance" : "16px"
                } ],
                "highlight" : [ "sadrzaj", "meni" ]
              } ]
            }, {
              "name" : "form",
              "specs" : [ {
                "status" : "info",
                "place" : {
                  "filePath" : "unos.gspec",
                  "lineNumber" : 36
                },
                "name" : "inside sadrzaj",
                "meta" : [ ],
                "highlight" : [ "form", "sadrzaj" ]
              } ]
            }, {
              "name" : "label",
              "specs" : [ {
                "status" : "info",
                "place" : {
                  "filePath" : "unos.gspec",
                  "lineNumber" : 38
                },
                "name" : "width 100px",
                "meta" : [ {
                  "from" : {
                    "object" : "label",
                    "edge" : "left"
                  },
                  "to" : {
                    "object" : "label",
                    "edge" : "right"
                  },
                  "expectedDistance" : "100px",
                  "realDistance" : "100px"
                } ],
                "highlight" : [ "label" ]
              }, {
                "status" : "info",
                "place" : {
                  "filePath" : "unos.gspec",
                  "lineNumber" : 39
                },
                "name" : "css display is \"inline-block\"",
                "highlight" : [ "label" ]
              }, {
                "status" : "info",
                "place" : {
                  "filePath" : "unos.gspec",
                  "lineNumber" : 40
                },
                "name" : "css font-family is \"Verdana, Geneva, Tahoma, sans-serif\"",
                "highlight" : [ "label" ]
              } ]
            } ]
          } ],
          "objects" : {
            "meni" : {
              "area" : [ 0, 36, 1188, 115 ]
            },
            "a" : {
              "area" : [ 408, 124, 73, 22 ]
            },
            "form" : {
              "area" : [ 20, 187, 1148, 193 ]
            },
            "ul" : {
              "area" : [ 0, 124, 1188, 27 ]
            },
            "logo" : {
              "area" : [ 0, 0, 1188, 72 ]
            },
            "label" : {
              "area" : [ 20, 187, 100, 19 ]
            },
            "slikica" : {
              "area" : [ 558, 0, 72, 72 ]
            },
            "li" : {
              "area" : [ 408, 124, 73, 22 ]
            },
            "sadrzaj" : {
              "area" : [ 0, 167, 1188, 233 ]
            }
          },
          "screenshot" : "layout-1-screenshot.png",
          "type" : "layout"
        }, {
          "name" : "Mutation testing: unos.gspec included tags: ",
          "status" : "info",
          "time" : 1573664885763,
          "mutationReport" : {
            "objectMutationStatistics" : {
              "meni" : {
                "passed" : 10,
                "failed" : 0,
                "failedMutations" : [ ]
              },
              "a" : {
                "passed" : 10,
                "failed" : 0,
                "failedMutations" : [ ]
              },
              "form" : {
                "passed" : 10,
                "failed" : 0,
                "failedMutations" : [ ]
              },
              "ul" : {
                "passed" : 10,
                "failed" : 0,
                "failedMutations" : [ ]
              },
              "logo" : {
                "passed" : 10,
                "failed" : 0,
                "failedMutations" : [ ]
              },
              "label" : {
                "passed" : 10,
                "failed" : 0,
                "failedMutations" : [ ]
              },
              "slikica" : {
                "passed" : 10,
                "failed" : 0,
                "failedMutations" : [ ]
              },
              "li" : {
                "passed" : 10,
                "failed" : 0,
                "failedMutations" : [ ]
              },
              "sadrzaj" : {
                "passed" : 10,
                "failed" : 0,
                "failedMutations" : [ ]
              }
            },
            "totalPassed" : 90,
            "totalFailed" : 0,
            "totalMutations" : 90,
            "failedRatio" : 0.0
          },
          "type" : "mutation"
        } ],
        "time" : 1573664881104,
        "type" : "node"
      } ],
      "time" : 1573664873038,
      "type" : "node"
    } ]
  }
}